Workbook

Sheet Summary
A1: Metric | B1: CompareModels | C1: R5
A2: Top Pick Win Rate (%) | B2: =COUNTIF('Race by Race'!U2:U64,1)/COUNTA('Race by Race'!K2:K64)*100 | C2: =COUNTIF('Race by Race'!T2:T64,1)/COUNTA('Race by Race'!H2:H64)*100
A3: Top-3 Hit Rate (%) | B3: =COUNTIF('Race by Race'!R2:R64,"<=3")/COUNTA('Race by Race'!K2:K64)*100 | C3: =COUNTIF('Race by Race'!Q2:Q64,"<=3")/COUNTA('Race by Race'!H2:H64)*100
A4: Avg SP on Top Pick Wins | B4: =AVERAGEIF('Race by Race'!U2:U64,1,'Race by Race'!S2:S64) | C4: =AVERAGEIF('Race by Race'!T2:T64,1,'Race by Race'!S2:S64)
A5: ROI on ML — $2 win (%) | B5: =SUM('Race by Race'!Y2:Y64)/(63*2)*100 | C5: =SUM('Race by Race'!X2:X64)/(63*2)*100
A6: ROI on SP — $2 win (%) | B6: =SUM('Race by Race'!AA2:AA64)/(63*2)*100 | C6: =SUM('Race by Race'!Z2:Z64)/(63*2)*100
A7: Agreement Rate (%) | B7: =COUNTIF('Race by Race'!O2:O64,"Y")/COUNTA('Race by Race'!O2:O64)*100 | C7: —
A8: Disagreement Winner: CM right | B8: =COUNTIFS('Race by Race'!O2:O64,"N",'Race by Race'!U2:U64,1) | C8: —
A9: Disagreement Winner: R5 right | B9: =COUNTIFS('Race by Race'!O2:O64,"N",'Race by Race'!T2:T64,1) | C9: —
A10: Disagreement Winner: Tie/Other | B10: =COUNTIFS('Race by Race'!O2:O64,"N",'Race by Race'!T2:T64,0,'Race by Race'!U2:U64,0) | C10: —
A11: A-tier Hit Rate (%) | B11: =COUNTIFS('Race by Race'!L2:L64,"A",'Race by Race'!U2:U64,1)/COUNTIF('Race by Race'!L2:L64,"A")*100 | C11: —
A12: HIGH-tier Hit Rate (%) | B12: — | C12: =COUNTIFS('Race by Race'!I2:I64,"HIGH",'Race by Race'!T2:T64,1)/COUNTIF('Race by Race'!I2:I64,"HIGH")*100
A13: Race Count | B13: =63 | C13: =63

Sheet Race by Race
A1: Date | B1: Track | C1: Race | D1: Surface | E1: Distance | F1: Race Type | G1: Pace Scenario | H1: R5 Pick | I1: R5 Tier | J1: R5 Score | K1: CM Pick | L1: CM Tier | M1: CM Composite | N1: CM Consensus | O1: Agreement | P1: Winner Name | Q1: Winner R5 Rank | R1: Winner CM Rank | S1: SP | T1: R5 Win | U1: CM Win | V1: R5 ML | W1: CM ML | X1: R5 ROI | Y1: CM ROI | Z1: R5 SP ROI | AA1: CM SP ROI | AB1: Field Size
A2: 20260502 | B2: CDX | C2: 1 | D2: D | E2: 8.5 | F2: S | G2: NORMAL | H2: 9 | I2: SPEC | J2: 6.19 | K2: 11 | L2: A | M2: 8 | N2: 4 | O2: N | P2: POWERSHIFT | Q2: 4 | R2: 1 | S2: 4.14 | T2: 0 | U2: 1 | V2: 4.5 | W2: 3 | X2: -2 | Y2: 4 | Z2: -2 | AA2: 6.28 | AB2: 11
A3: 20260502 | B3: CDX | C3: 2 | D3: D | E3: 8.5 | F3: AO | G3: NORMAL | H3: 6 | I3: FAIR | J3: 6.83 | K3: 6 | L3: A | M3: 6 | N3: 3 | O3: Y | P3: OUT OF THE WOODS | Q3: 10 | R3: 4 | S3: 26.14 | T3: 0 | U3: 0 | V3: 8 | W3: 8 | X3: -2 | Y3: -2 | Z3: -2 | AA3: -2 | AB3: 12
A4: 20260502 | B4: CDX | C4: 3 | D4: D | E4: 8 | F4: AO | G4: HOT | H4: 12 | I4: FAIR | J4: 6.66 | K4: 6 | L4: A | M4: 8 | N4: 5 | O4: N | P4: VIBE | Q4: 9 | R4: 11 | S4: 16.48 | T4: 0 | U4: 0 | V4: 3 | W4: 4.5 | X4: -2 | Y4: -2 | Z4: -2 | AA4: -2 | AB4: 14
A5: 20260502 | B5: CDX | C5: 4 | D5: D | E5: 7 | F5: G1 | G5: SLOW | H5: 4 | I5: FAIR | J5: 7.11 | K5: 4 | L5: A | M5: 11 | N5: 6 | O5: Y | P5: R DISASTER | Q5: 4 | R5: 5 | S5: 16.26 | T5: 0 | U5: 0 | V5: 1.6 | W5: 1.6 | X5: -2 | Y5: -2 | Z5: -2 | AA5: -2 | AB5: 6
A6: 20260502 | B6: CDX | C6: 5 | D6: T | E6: 5.5 | F6: G2 | G6: HOT | H6: 5 | I6: SPEC | J6: 6.24 | K6: 1 | L6: A | M6: 7 | N6: 3 | O6: N | P6: YELLOW CARD | Q6: 5 | R6: 4 | S6: 7.8 | T6: 0 | U6: 0 | V6: 10 | W6: 15 | X6: -2 | Y6: -2 | Z6: -2 | AA6: -2 | AB6: 10
A7: 20260502 | B7: CDX | C7: 6 | D7: D | E7: 8 | F7: N | G7: NORMAL | H7: 4 | I7: FAIR | J7: 6.64 | K7: 2 | L7: A | M7: 8 | N7: 4 | O7: N | P7: TOUR PLAYER | Q7: 3 | R7: 6 | S7: 8.7 | T7: 0 | U7: 0 | V7: 3.5 | W7: 3 | X7: -2 | Y7: -2 | Z7: -2 | AA7: -2 | AB7: 11
A8: 20260502 | B8: CDX | C8: 7 | D8: T | E8: 8 | F8: G2 | G8: NORMAL | H8: 2 | I8: SPEC | J8: 6.05 | K8: 7 | L8: A | M8: 9 | N8: 6 | O8: N | P8: CLASSIC Q | Q8: 9 | R8: 7 | S8: 15.62 | T8: 0 | U8: 0 | V8: 2.5 | W8: 12 | X8: -2 | Y8: -2 | Z8: -2 | AA8: -2 | AB8: 9
A9: 20260502 | B9: CDX | C9: 8 | D9: D | E9: 8 | F9: G2 | G9: HOT | H9: 6 | I9: FAIR | J9: 7.28 | K9: 1 | L9: A | M9: 7 | N9: 5 | O9: N | P9: CRUDE VELOCITY | Q9: 1 | R9: 2 | S9: 5.14 | T9: 1 | U9: 0 | V9: 2.5 | W9: 3 | X9: 3 | Y9: -2 | Z9: 8.28 | AA9: -2 | AB9: 12
A10: 20260502 | B10: CDX | C10: 9 | D10: T | E10: 8.5 | F10: G1 | G10: NORMAL | H10: 8 | I10: SPEC | J10: 5.73 | K10: 4 | L10: A | M10: 6 | N10: 4 | O10: N | P10: STARK CONTRAST | Q10: 3 | R10: 1 | S10: 4.4 | T10: 0 | U10: 1 | V10: 6 | W10: 4 | X10: -2 | Y10: 6 | Z10: -2 | AA10: 6.8 | AB10: 14
A11: 20260502 | B11: CDX | C11: 10 | D11: D | E11: 7 | F11: G1 | G11: NORMAL | H11: 2 | I11: FAIR | J11: 6.83 | K11: 2 | L11: A | M11: 7 | N11: 4 | O11: Y | P11: T O ELVIS | Q11: 11 | R11: 10 | S11: 13.74 | T11: 0 | U11: 0 | V11: 3.5 | W11: 3.5 | X11: -2 | Y11: -2 | Z11: -2 | AA11: -2 | AB11: 11
A12: 20260502 | B12: CDX | C12: 11 | D12: T | E12: 9 | F12: G1 | G12: SLOW | H12: 1 | I12: FAIR | J12: 7.19 | K12: 4 | L12: A | M12: 5 | N12: 4 | O12: N | P12: RHETORICAL | Q12: 6 | R12: 4 | S12: 5.92 | T12: 0 | U12: 0 | V12: 15 | W12: 4 | X12: -2 | Y12: -2 | Z12: -2 | AA12: -2 | AB12: 10
A13: 20260502 | B13: CDX | C13: 12 | D13: D | E13: 10 | F13: G1 | G13: NORMAL | H13: 15 | I13: FAIR | J13: 7.05 | K13: 18 | L13: A | M13: 6 | N13: 3 | O13: N | P13: GOLDEN TEMPO | Q13: 5 | R13: 11 | S13: 48.24 | T13: 0 | U13: 0 | V13: 15 | W13: 6 | X13: -2 | Y13: -2 | Z13: -2 | AA13: -2 | AB13: 24
... A64: 20260516 | B64: LRL | C64: 13 | D64: D | E64: 9.5 | F64: G1 | G64: HOT | H64: 1 | I64: FAIR | J64: 6.82 | K64: 1 | L64: A | M64: 11 | N64: 6 | O64: Y | P64: NAPOLEON SOLO | Q64: 11 | R64: 4 | S64: 7.9 | T64: 0 | U64: 0 | V64: 5 | W64: 5 | X64: -2 | Y64: -2 | Z64: -2 | AA64: -2 | AB64: 14

Sheet Breakdowns
A1: By Track
A2: Group | B2: Races | C2: CM Wins | D2: CM Win% | E2: R5 Wins | F2: R5 Win% | G2: CM ROI(ML)% | H2: R5 ROI(ML)% | I2: CM ROI(SP)% | J2: R5 ROI(SP)% | K2: Agreement%
A3: BAQ | B3: =COUNTIF('Race by Race'!B$2:B$64,"BAQ") | C3: =COUNTIFS('Race by Race'!B$2:B$64,"BAQ",'Race by Race'!U$2:U$64,1) | D3: =IF(COUNTIF('Race by Race'!B$2:B$64,"BAQ")=0,"",COUNTIFS('Race by Race'!B$2:B$64,"BAQ",'Race by Race'!U$2:U$64,1)/COUNTIF('Race by Race'!B$2:B$64,"BAQ")*100) | E3: =COUNTIFS('Race by Race'!B$2:B$64,"BAQ",'Race by Race'!T$2:T$64,1) | F3: =IF(COUNTIF('Race by Race'!B$2:B$64,"BAQ")=0,"",COUNTIFS('Race by Race'!B$2:B$64,"BAQ",'Race by Race'!T$2:T$64,1)/COUNTIF('Race by Race'!B$2:B$64,"BAQ")*100) | G3: =IF(COUNTIF('Race by Race'!B$2:B$64,"BAQ")=0,"",SUMIF('Race by Race'!B$2:B$64,"BAQ",'Race by Race'!Y$2:Y$64)/(COUNTIF('Race by Race'!B$2:B$64,"BAQ")*2)*100) | H3: =IF(COUNTIF('Race by Race'!B$2:B$64,"BAQ")=0,"",SUMIF('Race by Race'!B$2:B$64,"BAQ",'Race by Race'!X$2:X$64)/(COUNTIF('Race by Race'!B$2:B$64,"BAQ")*2)*100) | I3: =IF(COUNTIF('Race by Race'!B$2:B$64,"BAQ")=0,"",SUMIF('Race by Race'!B$2:B$64,"BAQ",'Race by Race'!AA$2:AA$64)/(COUNTIF('Race by Race'!B$2:B$64,"BAQ")*2)*100) | J3: =IF(COUNTIF('Race by Race'!B$2:B$64,"BAQ")=0,"",SUMIF('Race by Race'!B$2:B$64,"BAQ",'Race by Race'!Z$2:Z$64)/(COUNTIF('Race by Race'!B$2:B$64,"BAQ")*2)*100) | K3: =IF(COUNTIF('Race by Race'!B$2:B$64,"BAQ")=0,"",COUNTIFS('Race by Race'!B$2:B$64,"BAQ",'Race by Race'!O$2:O$64,"Y")/COUNTIF('Race by Race'!B$2:B$64,"BAQ")*100)
A4: CDX | B4: =COUNTIF('Race by Race'!B$2:B$64,"CDX") | C4: =COUNTIFS('Race by Race'!B$2:B$64,"CDX",'Race by Race'!U$2:U$64,1) | D4: =IF(COUNTIF('Race by Race'!B$2:B$64,"CDX")=0,"",COUNTIFS('Race by Race'!B$2:B$64,"CDX",'Race by Race'!U$2:U$64,1)/COUNTIF('Race by Race'!B$2:B$64,"CDX")*100) | E4: =COUNTIFS('Race by Race'!B$2:B$64,"CDX",'Race by Race'!T$2:T$64,1) | F4: =IF(COUNTIF('Race by Race'!B$2:B$64,"CDX")=0,"",COUNTIFS('Race by Race'!B$2:B$64,"CDX",'Race by Race'!T$2:T$64,1)/COUNTIF('Race by Race'!B$2:B$64,"CDX")*100) | G4: =IF(COUNTIF('Race by Race'!B$2:B$64,"CDX")=0,"",SUMIF('Race by Race'!B$2:B$64,"CDX",'Race by Race'!Y$2:Y$64)/(COUNTIF('Race by Race'!B$2:B$64,"CDX")*2)*100) | H4: =IF(COUNTIF('Race by Race'!B$2:B$64,"CDX")=0,"",SUMIF('Race by Race'!B$2:B$64,"CDX",'Race by Race'!X$2:X$64)/(COUNTIF('Race by Race'!B$2:B$64,"CDX")*2)*100) | I4: =IF(COUNTIF('Race by Race'!B$2:B$64,"CDX")=0,"",SUMIF('Race by Race'!B$2:B$64,"CDX",'Race by Race'!AA$2:AA$64)/(COUNTIF('Race by Race'!B$2:B$64,"CDX")*2)*100) | J4: =IF(COUNTIF('Race by Race'!B$2:B$64,"CDX")=0,"",SUMIF('Race by Race'!B$2:B$64,"CDX",'Race by Race'!Z$2:Z$64)/(COUNTIF('Race by Race'!B$2:B$64,"CDX")*2)*100) | K4: =IF(COUNTIF('Race by Race'!B$2:B$64,"CDX")=0,"",COUNTIFS('Race by Race'!B$2:B$64,"CDX",'Race by Race'!O$2:O$64,"Y")/COUNTIF('Race by Race'!B$2:B$64,"CDX")*100)
A5: DBY | B5: =COUNTIF('Race by Race'!B$2:B$64,"DBY") | C5: =COUNTIFS('Race by Race'!B$2:B$64,"DBY",'Race by Race'!U$2:U$64,1) | D5: =IF(COUNTIF('Race by Race'!B$2:B$64,"DBY")=0,"",COUNTIFS('Race by Race'!B$2:B$64,"DBY",'Race by Race'!U$2:U$64,1)/COUNTIF('Race by Race'!B$2:B$64,"DBY")*100) | E5: =COUNTIFS('Race by Race'!B$2:B$64,"DBY",'Race by Race'!T$2:T$64,1) | F5: =IF(COUNTIF('Race by Race'!B$2:B$64,"DBY")=0,"",COUNTIFS('Race by Race'!B$2:B$64,"DBY",'Race by Race'!T$2:T$64,1)/COUNTIF('Race by Race'!B$2:B$64,"DBY")*100) | G5: =IF(COUNTIF('Race by Race'!B$2:B$64,"DBY")=0,"",SUMIF('Race by Race'!B$2:B$64,"DBY",'Race by Race'!Y$2:Y$64)/(COUNTIF('Race by Race'!B$2:B$64,"DBY")*2)*100) | H5: =IF(COUNTIF('Race by Race'!B$2:B$64,"DBY")=0,"",SUMIF('Race by Race'!B$2:B$64,"DBY",'Race by Race'!X$2:X$64)/(COUNTIF('Race by Race'!B$2:B$64,"DBY")*2)*100) | I5: =IF(COUNTIF('Race by Race'!B$2:B$64,"DBY")=0,"",SUMIF('Race by Race'!B$2:B$64,"DBY",'Race by Race'!AA$2:AA$64)/(COUNTIF('Race by Race'!B$2:B$64,"DBY")*2)*100) | J5: =IF(COUNTIF('Race by Race'!B$2:B$64,"DBY")=0,"",SUMIF('Race by Race'!B$2:B$64,"DBY",'Race by Race'!Z$2:Z$64)/(COUNTIF('Race by Race'!B$2:B$64,"DBY")*2)*100) | K5: =IF(COUNTIF('Race by Race'!B$2:B$64,"DBY")=0,"",COUNTIFS('Race by Race'!B$2:B$64,"DBY",'Race by Race'!O$2:O$64,"Y")/COUNTIF('Race by Race'!B$2:B$64,"DBY")*100)
A6: LRL | B6: =COUNTIF('Race by Race'!B$2:B$64,"LRL") | C6: =COUNTIFS('Race by Race'!B$2:B$64,"LRL",'Race by Race'!U$2:U$64,1) | D6: =IF(COUNTIF('Race by Race'!B$2:B$64,"LRL")=0,"",COUNTIFS('Race by Race'!B$2:B$64,"LRL",'Race by Race'!U$2:U$64,1)/COUNTIF('Race by Race'!B$2:B$64,"LRL")*100) | E6: =COUNTIFS('Race by Race'!B$2:B$64,"LRL",'Race by Race'!T$2:T$64,1) | F6: =IF(COUNTIF('Race by Race'!B$2:B$64,"LRL")=0,"",COUNTIFS('Race by Race'!B$2:B$64,"LRL",'Race by Race'!T$2:T$64,1)/COUNTIF('Race by Race'!B$2:B$64,"LRL")*100) | G6: =IF(COUNTIF('Race by Race'!B$2:B$64,"LRL")=0,"",SUMIF('Race by Race'!B$2:B$64,"LRL",'Race by Race'!Y$2:Y$64)/(COUNTIF('Race by Race'!B$2:B$64,"LRL")*2)*100) | H6: =IF(COUNTIF('Race by Race'!B$2:B$64,"LRL")=0,"",SUMIF('Race by Race'!B$2:B$64,"LRL",'Race by Race'!X$2:X$64)/(COUNTIF('Race by Race'!B$2:B$64,"LRL")*2)*100) | I6: =IF(COUNTIF('Race by Race'!B$2:B$64,"LRL")=0,"",SUMIF('Race by Race'!B$2:B$64,"LRL",'Race by Race'!AA$2:AA$64)/(COUNTIF('Race by Race'!B$2:B$64,"LRL")*2)*100) | J6: =IF(COUNTIF('Race by Race'!B$2:B$64,"LRL")=0,"",SUMIF('Race by Race'!B$2:B$64,"LRL",'Race by Race'!Z$2:Z$64)/(COUNTIF('Race by Race'!B$2:B$64,"LRL")*2)*100) | K6: =IF(COUNTIF('Race by Race'!B$2:B$64,"LRL")=0,"",COUNTIFS('Race by Race'!B$2:B$64,"LRL",'Race by Race'!O$2:O$64,"Y")/COUNTIF('Race by Race'!B$2:B$64,"LRL")*100)
A8: By Surface
A9: Group | B9: Races | C9: CM Wins | D9: CM Win% | E9: R5 Wins | F9: R5 Win% | G9: CM ROI(ML)% | H9: R5 ROI(ML)% | I9: CM ROI(SP)% | J9: R5 ROI(SP)% | K9: Agreement%
A10: D | B10: =COUNTIF('Race by Race'!D$2:D$64,"D") | C10: =COUNTIFS('Race by Race'!D$2:D$64,"D",'Race by Race'!U$2:U$64,1) | D10: =IF(COUNTIF('Race by Race'!D$2:D$64,"D")=0,"",COUNTIFS('Race by Race'!D$2:D$64,"D",'Race by Race'!U$2:U$64,1)/COUNTIF('Race by Race'!D$2:D$64,"D")*100) | E10: =COUNTIFS('Race by Race'!D$2:D$64,"D",'Race by Race'!T$2:T$64,1) | F10: =IF(COUNTIF('Race by Race'!D$2:D$64,"D")=0,"",COUNTIFS('Race by Race'!D$2:D$64,"D",'Race by Race'!T$2:T$64,1)/COUNTIF('Race by Race'!D$2:D$64,"D")*100) | G10: =IF(COUNTIF('Race by Race'!D$2:D$64,"D")=0,"",SUMIF('Race by Race'!D$2:D$64,"D",'Race by Race'!Y$2:Y$64)/(COUNTIF('Race by Race'!D$2:D$64,"D")*2)*100) | H10: =IF(COUNTIF('Race by Race'!D$2:D$64,"D")=0,"",SUMIF('Race by Race'!D$2:D$64,"D",'Race by Race'!X$2:X$64)/(COUNTIF('Race by Race'!D$2:D$64,"D")*2)*100) | I10: =IF(COUNTIF('Race by Race'!D$2:D$64,"D")=0,"",SUMIF('Race by Race'!D$2:D$64,"D",'Race by Race'!AA$2:AA$64)/(COUNTIF('Race by Race'!D$2:D$64,"D")*2)*100) | J10: =IF(COUNTIF('Race by Race'!D$2:D$64,"D")=0,"",SUMIF('Race by Race'!D$2:D$64,"D",'Race by Race'!Z$2:Z$64)/(COUNTIF('Race by Race'!D$2:D$64,"D")*2)*100) | K10: =IF(COUNTIF('Race by Race'!D$2:D$64,"D")=0,"",COUNTIFS('Race by Race'!D$2:D$64,"D",'Race by Race'!O$2:O$64,"Y")/COUNTIF('Race by Race'!D$2:D$64,"D")*100)
A11: T | B11: =COUNTIF('Race by Race'!D$2:D$64,"T") | C11: =COUNTIFS('Race by Race'!D$2:D$64,"T",'Race by Race'!U$2:U$64,1) | D11: =IF(COUNTIF('Race by Race'!D$2:D$64,"T")=0,"",COUNTIFS('Race by Race'!D$2:D$64,"T",'Race by Race'!U$2:U$64,1)/COUNTIF('Race by Race'!D$2:D$64,"T")*100) | E11: =COUNTIFS('Race by Race'!D$2:D$64,"T",'Race by Race'!T$2:T$64,1) | F11: =IF(COUNTIF('Race by Race'!D$2:D$64,"T")=0,"",COUNTIFS('Race by Race'!D$2:D$64,"T",'Race by Race'!T$2:T$64,1)/COUNTIF('Race by Race'!D$2:D$64,"T")*100) | G11: =IF(COUNTIF('Race by Race'!D$2:D$64,"T")=0,"",SUMIF('Race by Race'!D$2:D$64,"T",'Race by Race'!Y$2:Y$64)/(COUNTIF('Race by Race'!D$2:D$64,"T")*2)*100) | H11: =IF(COUNTIF('Race by Race'!D$2:D$64,"T")=0,"",SUMIF('Race by Race'!D$2:D$64,"T",'Race by Race'!X$2:X$64)/(COUNTIF('Race by Race'!D$2:D$64,"T")*2)*100) | I11: =IF(COUNTIF('Race by Race'!D$2:D$64,"T")=0,"",SUMIF('Race by Race'!D$2:D$64,"T",'Race by Race'!AA$2:AA$64)/(COUNTIF('Race by Race'!D$2:D$64,"T")*2)*100) | J11: =IF(COUNTIF('Race by Race'!D$2:D$64,"T")=0,"",SUMIF('Race by Race'!D$2:D$64,"T",'Race by Race'!Z$2:Z$64)/(COUNTIF('Race by Race'!D$2:D$64,"T")*2)*100) | K11: =IF(COUNTIF('Race by Race'!D$2:D$64,"T")=0,"",COUNTIFS('Race by Race'!D$2:D$64,"T",'Race by Race'!O$2:O$64,"Y")/COUNTIF('Race by Race'!D$2:D$64,"T")*100)
A12: t | B12: =COUNTIF('Race by Race'!D$2:D$64,"t") | C12: =COUNTIFS('Race by Race'!D$2:D$64,"t",'Race by Race'!U$2:U$64,1) | D12: =IF(COUNTIF('Race by Race'!D$2:D$64,"t")=0,"",COUNTIFS('Race by Race'!D$2:D$64,"t",'Race by Race'!U$2:U$64,1)/COUNTIF('Race by Race'!D$2:D$64,"t")*100) | E12: =COUNTIFS('Race by Race'!D$2:D$64,"t",'Race by Race'!T$2:T$64,1) | F12: =IF(COUNTIF('Race by Race'!D$2:D$64,"t")=0,"",COUNTIFS('Race by Race'!D$2:D$64,"t",'Race by Race'!T$2:T$64,1)/COUNTIF('Race by Race'!D$2:D$64,"t")*100) | G12: =IF(COUNTIF('Race by Race'!D$2:D$64,"t")=0,"",SUMIF('Race by Race'!D$2:D$64,"t",'Race by Race'!Y$2:Y$64)/(COUNTIF('Race by Race'!D$2:D$64,"t")*2)*100) | H12: =IF(COUNTIF('Race by Race'!D$2:D$64,"t")=0,"",SUMIF('Race by Race'!D$2:D$64,"t",'Race by Race'!X$2:X$64)/(COUNTIF('Race by Race'!D$2:D$64,"t")*2)*100) | I12: =IF(COUNTIF('Race by Race'!D$2:D$64,"t")=0,"",SUMIF('Race by Race'!D$2:D$64,"t",'Race by Race'!AA$2:AA$64)/(COUNTIF('Race by Race'!D$2:D$64,"t")*2)*100) | J12: =IF(COUNTIF('Race by Race'!D$2:D$64,"t")=0,"",SUMIF('Race by Race'!D$2:D$64,"t",'Race by Race'!Z$2:Z$64)/(COUNTIF('Race by Race'!D$2:D$64,"t")*2)*100) | K12: =IF(COUNTIF('Race by Race'!D$2:D$64,"t")=0,"",COUNTIFS('Race by Race'!D$2:D$64,"t",'Race by Race'!O$2:O$64,"Y")/COUNTIF('Race by Race'!D$2:D$64,"t")*100)
A14: By Race Type
A15: Group | B15: Races | C15: CM Wins | D15: CM Win% | E15: R5 Wins | F15: R5 Win% | G15: CM ROI(ML)% | H15: R5 ROI(ML)% | I15: CM ROI(SP)% | J15: R5 ROI(SP)% | K15: Agreement%
A16: A | B16: =COUNTIF('Race by Race'!F$2:F$64,"A") | C16: =COUNTIFS('Race by Race'!F$2:F$64,"A",'Race by Race'!U$2:U$64,1) | D16: =IF(COUNTIF('Race by Race'!F$2:F$64,"A")=0,"",COUNTIFS('Race by Race'!F$2:F$64,"A",'Race by Race'!U$2:U$64,1)/COUNTIF('Race by Race'!F$2:F$64,"A")*100) | E16: =COUNTIFS('Race by Race'!F$2:F$64,"A",'Race by Race'!T$2:T$64,1) | F16: =IF(COUNTIF('Race by Race'!F$2:F$64,"A")=0,"",COUNTIFS('Race by Race'!F$2:F$64,"A",'Race by Race'!T$2:T$64,1)/COUNTIF('Race by Race'!F$2:F$64,"A")*100) | G16: =IF(COUNTIF('Race by Race'!F$2:F$64,"A")=0,"",SUMIF('Race by Race'!F$2:F$64,"A",'Race by Race'!Y$2:Y$64)/(COUNTIF('Race by Race'!F$2:F$64,"A")*2)*100) | H16: =IF(COUNTIF('Race by Race'!F$2:F$64,"A")=0,"",SUMIF('Race by Race'!F$2:F$64,"A",'Race by Race'!X$2:X$64)/(COUNTIF('Race by Race'!F$2:F$64,"A")*2)*100) | I16: =IF(COUNTIF('Race by Race'!F$2:F$64,"A")=0,"",SUMIF('Race by Race'!F$2:F$64,"A",'Race by Race'!AA$2:AA$64)/(COUNTIF('Race by Race'!F$2:F$64,"A")*2)*100) | J16: =IF(COUNTIF('Race by Race'!F$2:F$64,"A")=0,"",SUMIF('Race by Race'!F$2:F$64,"A",'Race by Race'!Z$2:Z$64)/(COUNTIF('Race by Race'!F$2:F$64,"A")*2)*100) | K16: =IF(COUNTIF('Race by Race'!F$2:F$64,"A")=0,"",COUNTIFS('Race by Race'!F$2:F$64,"A",'Race by Race'!O$2:O$64,"Y")/COUNTIF('Race by Race'!F$2:F$64,"A")*100)
A17: AO | B17: =COUNTIF('Race by Race'!F$2:F$64,"AO") | C17: =COUNTIFS('Race by Race'!F$2:F$64,"AO",'Race by Race'!U$2:U$64,1) | D17: =IF(COUNTIF('Race by Race'!F$2:F$64,"AO")=0,"",COUNTIFS('Race by Race'!F$2:F$64,"AO",'Race by Race'!U$2:U$64,1)/COUNTIF('Race by Race'!F$2:F$64,"AO")*100) | E17: =COUNTIFS('Race by Race'!F$2:F$64,"AO",'Race by Race'!T$2:T$64,1) | F17: =IF(COUNTIF('Race by Race'!F$2:F$64,"AO")=0,"",COUNTIFS('Race by Race'!F$2:F$64,"AO",'Race by Race'!T$2:T$64,1)/COUNTIF('Race by Race'!F$2:F$64,"AO")*100) | G17: =IF(COUNTIF('Race by Race'!F$2:F$64,"AO")=0,"",SUMIF('Race by Race'!F$2:F$64,"AO",'Race by Race'!Y$2:Y$64)/(COUNTIF('Race by Race'!F$2:F$64,"AO")*2)*100) | H17: =IF(COUNTIF('Race by Race'!F$2:F$64,"AO")=0,"",SUMIF('Race by Race'!F$2:F$64,"AO",'Race by Race'!X$2:X$64)/(COUNTIF('Race by Race'!F$2:F$64,"AO")*2)*100) | I17: =IF(COUNTIF('Race by Race'!F$2:F$64,"AO")=0,"",SUMIF('Race by Race'!F$2:F$64,"AO",'Race by Race'!AA$2:AA$64)/(COUNTIF('Race by Race'!F$2:F$64,"AO")*2)*100) | J17: =IF(COUNTIF('Race by Race'!F$2:F$64,"AO")=0,"",SUMIF('Race by Race'!F$2:F$64,"AO",'Race by Race'!Z$2:Z$64)/(COUNTIF('Race by Race'!F$2:F$64,"AO")*2)*100) | K17: =IF(COUNTIF('Race by Race'!F$2:F$64,"AO")=0,"",COUNTIFS('Race by Race'!F$2:F$64,"AO",'Race by Race'!O$2:O$64,"Y")/COUNTIF('Race by Race'!F$2:F$64,"AO")*100)
A18: C | B18: =COUNTIF('Race by Race'!F$2:F$64,"C") | C18: =COUNTIFS('Race by Race'!F$2:F$64,"C",'Race by Race'!U$2:U$64,1) | D18: =IF(COUNTIF('Race by Race'!F$2:F$64,"C")=0,"",COUNTIFS('Race by Race'!F$2:F$64,"C",'Race by Race'!U$2:U$64,1)/COUNTIF('Race by Race'!F$2:F$64,"C")*100) | E18: =COUNTIFS('Race by Race'!F$2:F$64,"C",'Race by Race'!T$2:T$64,1) | F18: =IF(COUNTIF('Race by Race'!F$2:F$64,"C")=0,"",COUNTIFS('Race by Race'!F$2:F$64,"C",'Race by Race'!T$2:T$64,1)/COUNTIF('Race by Race'!F$2:F$64,"C")*100) | G18: =IF(COUNTIF('Race by Race'!F$2:F$64,"C")=0,"",SUMIF('Race by Race'!F$2:F$64,"C",'Race by Race'!Y$2:Y$64)/(COUNTIF('Race by Race'!F$2:F$64,"C")*2)*100) | H18: =IF(COUNTIF('Race by Race'!F$2:F$64,"C")=0,"",SUMIF('Race by Race'!F$2:F$64,"C",'Race by Race'!X$2:X$64)/(COUNTIF('Race by Race'!F$2:F$64,"C")*2)*100) | I18: =IF(COUNTIF('Race by Race'!F$2:F$64,"C")=0,"",SUMIF('Race by Race'!F$2:F$64,"C",'Race by Race'!AA$2:AA$64)/(COUNTIF('Race by Race'!F$2:F$64,"C")*2)*100) | J18: =IF(COUNTIF('Race by Race'!F$2:F$64,"C")=0,"",SUMIF('Race by Race'!F$2:F$64,"C",'Race by Race'!Z$2:Z$64)/(COUNTIF('Race by Race'!F$2:F$64,"C")*2)*100) | K18: =IF(COUNTIF('Race by Race'!F$2:F$64,"C")=0,"",COUNTIFS('Race by Race'!F$2:F$64,"C",'Race by Race'!O$2:O$64,"Y")/COUNTIF('Race by Race'!F$2:F$64,"C")*100)
A19: G1 | B19: =COUNTIF('Race by Race'!F$2:F$64,"G1") | C19: =COUNTIFS('Race by Race'!F$2:F$64,"G1",'Race by Race'!U$2:U$64,1) | D19: =IF(COUNTIF('Race by Race'!F$2:F$64,"G1")=0,"",COUNTIFS('Race by Race'!F$2:F$64,"G1",'Race by Race'!U$2:U$64,1)/COUNTIF('Race by Race'!F$2:F$64,"G1")*100) | E19: =COUNTIFS('Race by Race'!F$2:F$64,"G1",'Race by Race'!T$2:T$64,1) | F19: =IF(COUNTIF('Race by Race'!F$2:F$64,"G1")=0,"",COUNTIFS('Race by Race'!F$2:F$64,"G1",'Race by Race'!T$2:T$64,1)/COUNTIF('Race by Race'!F$2:F$64,"G1")*100) | G19: =IF(COUNTIF('Race by Race'!F$2:F$64,"G1")=0,"",SUMIF('Race by Race'!F$2:F$64,"G1",'Race by Race'!Y$2:Y$64)/(COUNTIF('Race by Race'!F$2:F$64,"G1")*2)*100) | H19: =IF(COUNTIF('Race by Race'!F$2:F$64,"G1")=0,"",SUMIF('Race by Race'!F$2:F$64,"G1",'Race by Race'!X$2:X$64)/(COUNTIF('Race by Race'!F$2:F$64,"G1")*2)*100) | I19: =IF(COUNTIF('Race by Race'!F$2:F$64,"G1")=0,"",SUMIF('Race by Race'!F$2:F$64,"G1",'Race by Race'!AA$2:AA$64)/(COUNTIF('Race by Race'!F$2:F$64,"G1")*2)*100) | J19: =IF(COUNTIF('Race by Race'!F$2:F$64,"G1")=0,"",SUMIF('Race by Race'!F$2:F$64,"G1",'Race by Race'!Z$2:Z$64)/(COUNTIF('Race by Race'!F$2:F$64,"G1")*2)*100) | K19: =IF(COUNTIF('Race by Race'!F$2:F$64,"G1")=0,"",COUNTIFS('Race by Race'!F$2:F$64,"G1",'Race by Race'!O$2:O$64,"Y")/COUNTIF('Race by Race'!F$2:F$64,"G1")*100)
A20: G2 | B20: =COUNTIF('Race by Race'!F$2:F$64,"G2") | C20: =COUNTIFS('Race by Race'!F$2:F$64,"G2",'Race by Race'!U$2:U$64,1) | D20: =IF(COUNTIF('Race by Race'!F$2:F$64,"G2")=0,"",COUNTIFS('Race by Race'!F$2:F$64,"G2",'Race by Race'!U$2:U$64,1)/COUNTIF('Race by Race'!F$2:F$64,"G2")*100) | E20: =COUNTIFS('Race by Race'!F$2:F$64,"G2",'Race by Race'!T$2:T$64,1) | F20: =IF(COUNTIF('Race by Race'!F$2:F$64,"G2")=0,"",COUNTIFS('Race by Race'!F$2:F$64,"G2",'Race by Race'!T$2:T$64,1)/COUNTIF('Race by Race'!F$2:F$64,"G2")*100) | G20: =IF(COUNTIF('Race by Race'!F$2:F$64,"G2")=0,"",SUMIF('Race by Race'!F$2:F$64,"G2",'Race by Race'!Y$2:Y$64)/(COUNTIF('Race by Race'!F$2:F$64,"G2")*2)*100) | H20: =IF(COUNTIF('Race by Race'!F$2:F$64,"G2")=0,"",SUMIF('Race by Race'!F$2:F$64,"G2",'Race by Race'!X$2:X$64)/(COUNTIF('Race by Race'!F$2:F$64,"G2")*2)*100) | I20: =IF(COUNTIF('Race by Race'!F$2:F$64,"G2")=0,"",SUMIF('Race by Race'!F$2:F$64,"G2",'Race by Race'!AA$2:AA$64)/(COUNTIF('Race by Race'!F$2:F$64,"G2")*2)*100) | J20: =IF(COUNTIF('Race by Race'!F$2:F$64,"G2")=0,"",SUMIF('Race by Race'!F$2:F$64,"G2",'Race by Race'!Z$2:Z$64)/(COUNTIF('Race by Race'!F$2:F$64,"G2")*2)*100) | K20: =IF(COUNTIF('Race by Race'!F$2:F$64,"G2")=0,"",COUNTIFS('Race by Race'!F$2:F$64,"G2",'Race by Race'!O$2:O$64,"Y")/COUNTIF('Race by Race'!F$2:F$64,"G2")*100)
A21: G3 | B21: =COUNTIF('Race by Race'!F$2:F$64,"G3") | C21: =COUNTIFS('Race by Race'!F$2:F$64,"G3",'Race by Race'!U$2:U$64,1) | D21: =IF(COUNTIF('Race by Race'!F$2:F$64,"G3")=0,"",COUNTIFS('Race by Race'!F$2:F$64,"G3",'Race by Race'!U$2:U$64,1)/COUNTIF('Race by Race'!F$2:F$64,"G3")*100) | E21: =COUNTIFS('Race by Race'!F$2:F$64,"G3",'Race by Race'!T$2:T$64,1) | F21: =IF(COUNTIF('Race by Race'!F$2:F$64,"G3")=0,"",COUNTIFS('Race by Race'!F$2:F$64,"G3",'Race by Race'!T$2:T$64,1)/COUNTIF('Race by Race'!F$2:F$64,"G3")*100) | G21: =IF(COUNTIF('Race by Race'!F$2:F$64,"G3")=0,"",SUMIF('Race by Race'!F$2:F$64,"G3",'Race by Race'!Y$2:Y$64)/(COUNTIF('Race by Race'!F$2:F$64,"G3")*2)*100) | H21: =IF(COUNTIF('Race by Race'!F$2:F$64,"G3")=0,"",SUMIF('Race by Race'!F$2:F$64,"G3",'Race by Race'!X$2:X$64)/(COUNTIF('Race by Race'!F$2:F$64,"G3")*2)*100) | I21: =IF(COUNTIF('Race by Race'!F$2:F$64,"G3")=0,"",SUMIF('Race by Race'!F$2:F$64,"G3",'Race by Race'!AA$2:AA$64)/(COUNTIF('Race by Race'!F$2:F$64,"G3")*2)*100) | J21: =IF(COUNTIF('Race by Race'!F$2:F$64,"G3")=0,"",SUMIF('Race by Race'!F$2:F$64,"G3",'Race by Race'!Z$2:Z$64)/(COUNTIF('Race by Race'!F$2:F$64,"G3")*2)*100) | K21: =IF(COUNTIF('Race by Race'!F$2:F$64,"G3")=0,"",COUNTIFS('Race by Race'!F$2:F$64,"G3",'Race by Race'!O$2:O$64,"Y")/COUNTIF('Race by Race'!F$2:F$64,"G3")*100)
A22: M | B22: =COUNTIF('Race by Race'!F$2:F$64,"M") | C22: =COUNTIFS('Race by Race'!F$2:F$64,"M",'Race by Race'!U$2:U$64,1) | D22: =IF(COUNTIF('Race by Race'!F$2:F$64,"M")=0,"",COUNTIFS('Race by Race'!F$2:F$64,"M",'Race by Race'!U$2:U$64,1)/COUNTIF('Race by Race'!F$2:F$64,"M")*100) | E22: =COUNTIFS('Race by Race'!F$2:F$64,"M",'Race by Race'!T$2:T$64,1) | F22: =IF(COUNTIF('Race by Race'!F$2:F$64,"M")=0,"",COUNTIFS('Race by Race'!F$2:F$64,"M",'Race by Race'!T$2:T$64,1)/COUNTIF('Race by Race'!F$2:F$64,"M")*100) | G22: =IF(COUNTIF('Race by Race'!F$2:F$64,"M")=0,"",SUMIF('Race by Race'!F$2:F$64,"M",'Race by Race'!Y$2:Y$64)/(COUNTIF('Race by Race'!F$2:F$64,"M")*2)*100) | H22: =IF(COUNTIF('Race by Race'!F$2:F$64,"M")=0,"",SUMIF('Race by Race'!F$2:F$64,"M",'Race by Race'!X$2:X$64)/(COUNTIF('Race by Race'!F$2:F$64,"M")*2)*100) | I22: =IF(COUNTIF('Race by Race'!F$2:F$64,"M")=0,"",SUMIF('Race by Race'!F$2:F$64,"M",'Race by Race'!AA$2:AA$64)/(COUNTIF('Race by Race'!F$2:F$64,"M")*2)*100) | J22: =IF(COUNTIF('Race by Race'!F$2:F$64,"M")=0,"",SUMIF('Race by Race'!F$2:F$64,"M",'Race by Race'!Z$2:Z$64)/(COUNTIF('Race by Race'!F$2:F$64,"M")*2)*100) | K22: =IF(COUNTIF('Race by Race'!F$2:F$64,"M")=0,"",COUNTIFS('Race by Race'!F$2:F$64,"M",'Race by Race'!O$2:O$64,"Y")/COUNTIF('Race by Race'!F$2:F$64,"M")*100)
A23: N | B23: =COUNTIF('Race by Race'!F$2:F$64,"N") | C23: =COUNTIFS('Race by Race'!F$2:F$64,"N",'Race by Race'!U$2:U$64,1) | D23: =IF(COUNTIF('Race by Race'!F$2:F$64,"N")=0,"",COUNTIFS('Race by Race'!F$2:F$64,"N",'Race by Race'!U$2:U$64,1)/COUNTIF('Race by Race'!F$2:F$64,"N")*100) | E23: =COUNTIFS('Race by Race'!F$2:F$64,"N",'Race by Race'!T$2:T$64,1) | F23: =IF(COUNTIF('Race by Race'!F$2:F$64,"N")=0,"",COUNTIFS('Race by Race'!F$2:F$64,"N",'Race by Race'!T$2:T$64,1)/COUNTIF('Race by Race'!F$2:F$64,"N")*100) | G23: =IF(COUNTIF('Race by Race'!F$2:F$64,"N")=0,"",SUMIF('Race by Race'!F$2:F$64,"N",'Race by Race'!Y$2:Y$64)/(COUNTIF('Race by Race'!F$2:F$64,"N")*2)*100) | H23: =IF(COUNTIF('Race by Race'!F$2:F$64,"N")=0,"",SUMIF('Race by Race'!F$2:F$64,"N",'Race by Race'!X$2:X$64)/(COUNTIF('Race by Race'!F$2:F$64,"N")*2)*100) | I23: =IF(COUNTIF('Race by Race'!F$2:F$64,"N")=0,"",SUMIF('Race by Race'!F$2:F$64,"N",'Race by Race'!AA$2:AA$64)/(COUNTIF('Race by Race'!F$2:F$64,"N")*2)*100) | J23: =IF(COUNTIF('Race by Race'!F$2:F$64,"N")=0,"",SUMIF('Race by Race'!F$2:F$64,"N",'Race by Race'!Z$2:Z$64)/(COUNTIF('Race by Race'!F$2:F$64,"N")*2)*100) | K23: =IF(COUNTIF('Race by Race'!F$2:F$64,"N")=0,"",COUNTIFS('Race by Race'!F$2:F$64,"N",'Race by Race'!O$2:O$64,"Y")/COUNTIF('Race by Race'!F$2:F$64,"N")*100)
A24: R | B24: =COUNTIF('Race by Race'!F$2:F$64,"R") | C24: =COUNTIFS('Race by Race'!F$2:F$64,"R",'Race by Race'!U$2:U$64,1) | D24: =IF(COUNTIF('Race by Race'!F$2:F$64,"R")=0,"",COUNTIFS('Race by Race'!F$2:F$64,"R",'Race by Race'!U$2:U$64,1)/COUNTIF('Race by Race'!F$2:F$64,"R")*100) | E24: =COUNTIFS('Race by Race'!F$2:F$64,"R",'Race by Race'!T$2:T$64,1) | F24: =IF(COUNTIF('Race by Race'!F$2:F$64,"R")=0,"",COUNTIFS('Race by Race'!F$2:F$64,"R",'Race by Race'!T$2:T$64,1)/COUNTIF('Race by Race'!F$2:F$64,"R")*100) | G24: =IF(COUNTIF('Race by Race'!F$2:F$64,"R")=0,"",SUMIF('Race by Race'!F$2:F$64,"R",'Race by Race'!Y$2:Y$64)/(COUNTIF('Race by Race'!F$2:F$64,"R")*2)*100) | H24: =IF(COUNTIF('Race by Race'!F$2:F$64,"R")=0,"",SUMIF('Race by Race'!F$2:F$64,"R",'Race by Race'!X$2:X$64)/(COUNTIF('Race by Race'!F$2:F$64,"R")*2)*100) | I24: =IF(COUNTIF('Race by Race'!F$2:F$64,"R")=0,"",SUMIF('Race by Race'!F$2:F$64,"R",'Race by Race'!AA$2:AA$64)/(COUNTIF('Race by Race'!F$2:F$64,"R")*2)*100) | J24: =IF(COUNTIF('Race by Race'!F$2:F$64,"R")=0,"",SUMIF('Race by Race'!F$2:F$64,"R",'Race by Race'!Z$2:Z$64)/(COUNTIF('Race by Race'!F$2:F$64,"R")*2)*100) | K24: =IF(COUNTIF('Race by Race'!F$2:F$64,"R")=0,"",COUNTIFS('Race by Race'!F$2:F$64,"R",'Race by Race'!O$2:O$64,"Y")/COUNTIF('Race by Race'!F$2:F$64,"R")*100)
A25: S | B25: =COUNTIF('Race by Race'!F$2:F$64,"S") | C25: =COUNTIFS('Race by Race'!F$2:F$64,"S",'Race by Race'!U$2:U$64,1) | D25: =IF(COUNTIF('Race by Race'!F$2:F$64,"S")=0,"",COUNTIFS('Race by Race'!F$2:F$64,"S",'Race by Race'!U$2:U$64,1)/COUNTIF('Race by Race'!F$2:F$64,"S")*100) | E25: =COUNTIFS('Race by Race'!F$2:F$64,"S",'Race by Race'!T$2:T$64,1) | F25: =IF(COUNTIF('Race by Race'!F$2:F$64,"S")=0,"",COUNTIFS('Race by Race'!F$2:F$64,"S",'Race by Race'!T$2:T$64,1)/COUNTIF('Race by Race'!F$2:F$64,"S")*100) | G25: =IF(COUNTIF('Race by Race'!F$2:F$64,"S")=0,"",SUMIF('Race by Race'!F$2:F$64,"S",'Race by Race'!Y$2:Y$64)/(COUNTIF('Race by Race'!F$2:F$64,"S")*2)*100) | H25: =IF(COUNTIF('Race by Race'!F$2:F$64,"S")=0,"",SUMIF('Race by Race'!F$2:F$64,"S",'Race by Race'!X$2:X$64)/(COUNTIF('Race by Race'!F$2:F$64,"S")*2)*100) | I25: =IF(COUNTIF('Race by Race'!F$2:F$64,"S")=0,"",SUMIF('Race by Race'!F$2:F$64,"S",'Race by Race'!AA$2:AA$64)/(COUNTIF('Race by Race'!F$2:F$64,"S")*2)*100) | J25: =IF(COUNTIF('Race by Race'!F$2:F$64,"S")=0,"",SUMIF('Race by Race'!F$2:F$64,"S",'Race by Race'!Z$2:Z$64)/(COUNTIF('Race by Race'!F$2:F$64,"S")*2)*100) | K25: =IF(COUNTIF('Race by Race'!F$2:F$64,"S")=0,"",COUNTIFS('Race by Race'!F$2:F$64,"S",'Race by Race'!O$2:O$64,"Y")/COUNTIF('Race by Race'!F$2:F$64,"S")*100)
A27: By Pace Scenario
A28: Group | B28: Races | C28: CM Wins | D28: CM Win% | E28: R5 Wins | F28: R5 Win% | G28: CM ROI(ML)% | H28: R5 ROI(ML)% | I28: CM ROI(SP)% | J28: R5 ROI(SP)% | K28: Agreement%
A29: HOT | B29: =COUNTIF('Race by Race'!G$2:G$64,"HOT") | C29: =COUNTIFS('Race by Race'!G$2:G$64,"HOT",'Race by Race'!U$2:U$64,1) | D29: =IF(COUNTIF('Race by Race'!G$2:G$64,"HOT")=0,"",COUNTIFS('Race by Race'!G$2:G$64,"HOT",'Race by Race'!U$2:U$64,1)/COUNTIF('Race by Race'!G$2:G$64,"HOT")*100) | E29: =COUNTIFS('Race by Race'!G$2:G$64,"HOT",'Race by Race'!T$2:T$64,1) | F29: =IF(COUNTIF('Race by Race'!G$2:G$64,"HOT")=0,"",COUNTIFS('Race by Race'!G$2:G$64,"HOT",'Race by Race'!T$2:T$64,1)/COUNTIF('Race by Race'!G$2:G$64,"HOT")*100) | G29: =IF(COUNTIF('Race by Race'!G$2:G$64,"HOT")=0,"",SUMIF('Race by Race'!G$2:G$64,"HOT",'Race by Race'!Y$2:Y$64)/(COUNTIF('Race by Race'!G$2:G$64,"HOT")*2)*100) | H29: =IF(COUNTIF('Race by Race'!G$2:G$64,"HOT")=0,"",SUMIF('Race by Race'!G$2:G$64,"HOT",'Race by Race'!X$2:X$64)/(COUNTIF('Race by Race'!G$2:G$64,"HOT")*2)*100) | I29: =IF(COUNTIF('Race by Race'!G$2:G$64,"HOT")=0,"",SUMIF('Race by Race'!G$2:G$64,"HOT",'Race by Race'!AA$2:AA$64)/(COUNTIF('Race by Race'!G$2:G$64,"HOT")*2)*100) | J29: =IF(COUNTIF('Race by Race'!G$2:G$64,"HOT")=0,"",SUMIF('Race by Race'!G$2:G$64,"HOT",'Race by Race'!Z$2:Z$64)/(COUNTIF('Race by Race'!G$2:G$64,"HOT")*2)*100) | K29: =IF(COUNTIF('Race by Race'!G$2:G$64,"HOT")=0,"",COUNTIFS('Race by Race'!G$2:G$64,"HOT",'Race by Race'!O$2:O$64,"Y")/COUNTIF('Race by Race'!G$2:G$64,"HOT")*100)
A30: NORMAL | B30: =COUNTIF('Race by Race'!G$2:G$64,"NORMAL") | C30: =COUNTIFS('Race by Race'!G$2:G$64,"NORMAL",'Race by Race'!U$2:U$64,1) | D30: =IF(COUNTIF('Race by Race'!G$2:G$64,"NORMAL")=0,"",COUNTIFS('Race by Race'!G$2:G$64,"NORMAL",'Race by Race'!U$2:U$64,1)/COUNTIF('Race by Race'!G$2:G$64,"NORMAL")*100) | E30: =COUNTIFS('Race by Race'!G$2:G$64,"NORMAL",'Race by Race'!T$2:T$64,1) | F30: =IF(COUNTIF('Race by Race'!G$2:G$64,"NORMAL")=0,"",COUNTIFS('Race by Race'!G$2:G$64,"NORMAL",'Race by Race'!T$2:T$64,1)/COUNTIF('Race by Race'!G$2:G$64,"NORMAL")*100) | G30: =IF(COUNTIF('Race by Race'!G$2:G$64,"NORMAL")=0,"",SUMIF('Race by Race'!G$2:G$64,"NORMAL",'Race by Race'!Y$2:Y$64)/(COUNTIF('Race by Race'!G$2:G$64,"NORMAL")*2)*100) | H30: =IF(COUNTIF('Race by Race'!G$2:G$64,"NORMAL")=0,"",SUMIF('Race by Race'!G$2:G$64,"NORMAL",'Race by Race'!X$2:X$64)/(COUNTIF('Race by Race'!G$2:G$64,"NORMAL")*2)*100) | I30: =IF(COUNTIF('Race by Race'!G$2:G$64,"NORMAL")=0,"",SUMIF('Race by Race'!G$2:G$64,"NORMAL",'Race by Race'!AA$2:AA$64)/(COUNTIF('Race by Race'!G$2:G$64,"NORMAL")*2)*100) | J30: =IF(COUNTIF('Race by Race'!G$2:G$64,"NORMAL")=0,"",SUMIF('Race by Race'!G$2:G$64,"NORMAL",'Race by Race'!Z$2:Z$64)/(COUNTIF('Race by Race'!G$2:G$64,"NORMAL")*2)*100) | K30: =IF(COUNTIF('Race by Race'!G$2:G$64,"NORMAL")=0,"",COUNTIFS('Race by Race'!G$2:G$64,"NORMAL",'Race by Race'!O$2:O$64,"Y")/COUNTIF('Race by Race'!G$2:G$64,"NORMAL")*100)
A31: SLOW | B31: =COUNTIF('Race by Race'!G$2:G$64,"SLOW") | C31: =COUNTIFS('Race by Race'!G$2:G$64,"SLOW",'Race by Race'!U$2:U$64,1) | D31: =IF(COUNTIF('Race by Race'!G$2:G$64,"SLOW")=0,"",COUNTIFS('Race by Race'!G$2:G$64,"SLOW",'Race by Race'!U$2:U$64,1)/COUNTIF('Race by Race'!G$2:G$64,"SLOW")*100) | E31: =COUNTIFS('Race by Race'!G$2:G$64,"SLOW",'Race by Race'!T$2:T$64,1) | F31: =IF(COUNTIF('Race by Race'!G$2:G$64,"SLOW")=0,"",COUNTIFS('Race by Race'!G$2:G$64,"SLOW",'Race by Race'!T$2:T$64,1)/COUNTIF('Race by Race'!G$2:G$64,"SLOW")*100) | G31: =IF(COUNTIF('Race by Race'!G$2:G$64,"SLOW")=0,"",SUMIF('Race by Race'!G$2:G$64,"SLOW",'Race by Race'!Y$2:Y$64)/(COUNTIF('Race by Race'!G$2:G$64,"SLOW")*2)*100) | H31: =IF(COUNTIF('Race by Race'!G$2:G$64,"SLOW")=0,"",SUMIF('Race by Race'!G$2:G$64,"SLOW",'Race by Race'!X$2:X$64)/(COUNTIF('Race by Race'!G$2:G$64,"SLOW")*2)*100) | I31: =IF(COUNTIF('Race by Race'!G$2:G$64,"SLOW")=0,"",SUMIF('Race by Race'!G$2:G$64,"SLOW",'Race by Race'!AA$2:AA$64)/(COUNTIF('Race by Race'!G$2:G$64,"SLOW")*2)*100) | J31: =IF(COUNTIF('Race by Race'!G$2:G$64,"SLOW")=0,"",SUMIF('Race by Race'!G$2:G$64,"SLOW",'Race by Race'!Z$2:Z$64)/(COUNTIF('Race by Race'!G$2:G$64,"SLOW")*2)*100) | K31: =IF(COUNTIF('Race by Race'!G$2:G$64,"SLOW")=0,"",COUNTIFS('Race by Race'!G$2:G$64,"SLOW",'Race by Race'!O$2:O$64,"Y")/COUNTIF('Race by Race'!G$2:G$64,"SLOW")*100)
A33: By Field Size
A34: Group | B34: Races | C34: CM Wins | D34: CM Win% | E34: R5 Wins | F34: R5 Win%
A35: 1-6 | B35: 6 | C35: 0 | D35: 0 | E35: 2 | F35: 33.3
A36: 7-9 | B36: 26 | C36: 8 | D36: 30.8 | E36: 7 | F36: 26.9
A37: 10+ | B37: 31 | C37: 8 | D37: 25.8 | E37: 7 | F37: 22.6

Sheet CM Signals
A1: CM Signal Analysis
A3: A-Tier (rank=1 horses)
A4: Total | B4: 65
A5: Wins | B5: 16
A6: Win % | B6: 24.6
A8: Dominant Flag
A9: Total | B9: 96
A10: Wins | B10: 20
A11: Win % | B11: 20.8
A13: Overlay Watch
A14: Total | B14: 18
A15: Wins | B15: 1
A16: Win % | B16: 5.6
A17: ROI ML % | B17: -55.6
A19: Consensus Count vs Win Rate (CM Rank=1)
A20: Level | B20: Races | C20: Wins | D20: Win %
A21: 1 | B21: 0 | D21: 0
A22: 2 | B22: 1 | C22: 0 | D22: 0
A23: 3 | B23: 10 | C23: 1 | D23: 10
A24: 4 | B24: 18 | C24: 6 | D24: 33.3
A25: 5 | B25: 17 | C25: 4 | D25: 23.5
A26: 6 | B26: 15 | C26: 3 | D26: 20
A27: 7 | B27: 4 | C27: 2 | D27: 50
A28: 8 | B28: 0 | D28: 0
A30: Underline Hit Rate by Category (rank=1 underlined)
A31: Category | B31: Total | C31: Wins | D31: Win %
A32: Avg Speed | B32: 47 | C32: 10 | D32: 21.3
A33: Best Speed | B33: 52 | C33: 10 | D33: 19.2
A34: Distance Speed | B34: 52 | C34: 9 | D34: 17.3
A35: Earnings | B35: 62 | C35: 10 | D35: 16.1
A36: Jockey Rating | B36: 38 | C36: 3 | D36: 7.9
A37: Prime Power | B37: 57 | C37: 19 | D37: 33.3
A38: Trainer Rating | B38: 12 | C38: 0 | D38: 0

Sheet Disagreement Cases
A1: Date | B1: Track | C1: Race | D1: R5 Pick | E1: R5 Score | F1: CM Pick | G1: CM Composite | H1: Winner | I1: Who Was Right | J1: SP
A2: 20260502 | B2: CDX | C2: 1 | D2: 9 | E2: 6.19 | F2: 11 | G2: 8 | H2: POWERSHIFT | I2: CM | J2: 4.14
A3: 20260502 | B3: CDX | C3: 3 | D3: 12 | E3: 6.66 | F3: 6 | G3: 8 | H3: VIBE | I3: Neither | J3: 16.48
A4: 20260502 | B4: CDX | C4: 5 | D4: 5 | E4: 6.24 | F4: 1 | G4: 7 | H4: YELLOW CARD | I4: Neither | J4: 7.8
A5: 20260502 | B5: CDX | C5: 6 | D5: 4 | E5: 6.64 | F5: 2 | G5: 8 | H5: TOUR PLAYER | I5: Neither | J5: 8.7
A6: 20260502 | B6: CDX | C6: 7 | D6: 2 | E6: 6.05 | F6: 7 | G6: 9 | H6: CLASSIC Q | I6: Neither | J6: 15.62
A7: 20260502 | B7: CDX | C7: 8 | D7: 6 | E7: 7.28 | F7: 1 | G7: 7 | H7: CRUDE VELOCITY | I7: R5 | J7: 5.14
A8: 20260502 | B8: CDX | C8: 9 | D8: 8 | E8: 5.73 | F8: 4 | G8: 6 | H8: STARK CONTRAST | I8: CM | J8: 4.4
A9: 20260502 | B9: CDX | C9: 11 | D9: 1 | E9: 7.19 | F9: 4 | G9: 5 | H9: RHETORICAL | I9: Neither | J9: 5.92
A10: 20260502 | B10: CDX | C10: 12 | D10: 15 | E10: 7.05 | F10: 18 | G10: 6 | H10: GOLDEN TEMPO | I10: Neither | J10: 48.24
A11: 20260502 | B11: CDX | C11: 14 | D11: 9 | E11: 5.2 | F11: 6 | G11: 6 | H11: PRIZE PICK | I11: CM | J11: 15.88
A12: 20260502 | B12: DBY | C12: 12 | D12: 15 | E12: 7.05 | F12: 18 | G12: 6 | H12: GOLDEN TEMPO | I12: Neither | J12: 48.24
A13: 20260507 | B13: CDX | C13: 3 | D13: 14 | E13: 4.83 | F13: 4 | G13: 8 | H13: GYPSY ART | I13: CM | J13: 5.08
... A44: 20260516 | B44: LRL | C44: 10 | D44: 3 | E44: 5.74 | F44: 6 | G44: 8 | H44: FORT WASHINGTON | I44: Neither | J44: 2.9
